<?xml version="1.0" encoding="UTF-8"?>
<addons>
<addon id="plugin.video.hdrepo"
       name="HDrepo"
       version="0.0.1a"
       provider-name="HDrepo - Reloaded">
    <requires>
		<import addon="xbmc.python" version="2.1.0" />
    </requires>
    <extension point="xbmc.python.pluginsource"
               library="default.py">
        <provides>video</provides>
    </extension>
    <extension point="xbmc.addon.metadata">
        <platform>all</platform>
        <language>en</language>
		<summary lang="en">Xem phim HD trên server fshare</summary>
		<description lang="en">Add-on cho phép xem trực tiếp phim HD được lưu trữ trên dịch vụ fshare.</description>
    </extension>
</addon>
</addons>
